Date,Utilisateurs
01/01/2018,268
02/01/2018,331
03/01/2018,403
04/01/2018,339
05/01/2018,289
06/01/2018,267
07/01/2018,341
08/01/2018,289
09/01/2018,240
10/01/2018,217
11/01/2018,195
12/01/2018,251
13/01/2018,245
14/01/2018,224
15/01/2018,278
16/01/2018,210
17/01/2018,163
18/01/2018,168
19/01/2018,178
20/01/2018,183
21/01/2018,220
22/01/2018,246
23/01/2018,246
24/01/2018,191
25/01/2018,213
26/01/2018,195
27/01/2018,211
28/01/2018,325
29/01/2018,295
30/01/2018,221
31/01/2018,256
01/02/2018,260
02/02/2018,233
03/02/2018,265
04/02/2018,259
05/02/2018,320
06/02/2018,299
07/02/2018,314
08/02/2018,273
09/02/2018,274
10/02/2018,276
11/02/2018,359
12/02/2018,357
13/02/2018,275
14/02/2018,254
15/02/2018,270
16/02/2018,310
17/02/2018,288
18/02/2018,300
19/02/2018,291
20/02/2018,256
21/02/2018,261
22/02/2018,239
23/02/2018,265
24/02/2018,346
25/02/2018,252
26/02/2018,214
27/02/2018,210
28/02/2018,157
01/03/2018,162
02/03/2018,200
03/03/2018,147
04/03/2018,140
05/03/2018,148
06/03/2018,109
07/03/2018,138
08/03/2018,121
09/03/2018,127
10/03/2018,118
11/03/2018,104
12/03/2018,114
13/03/2018,110
14/03/2018,94
15/03/2018,105
16/03/2018,113
17/03/2018,82
18/03/2018,96
19/03/2018,94
20/03/2018,106
21/03/2018,85
22/03/2018,88
23/03/2018,78
24/03/2018,87
25/03/2018,109
26/03/2018,95
27/03/2018,96
28/03/2018,109
29/03/2018,102
30/03/2018,90
31/03/2018,137
01/04/2018,110
02/04/2018,167
03/04/2018,171
04/04/2018,151
05/04/2018,87
06/04/2018,74
07/04/2018,63
08/04/2018,56
09/04/2018,42
10/04/2018,55
11/04/2018,48
12/04/2018,34
13/04/2018,30
14/04/2018,43
15/04/2018,24
16/04/2018,45
17/04/2018,23
18/04/2018,29
19/04/2018,24
20/04/2018,19
21/04/2018,16
22/04/2018,17
23/04/2018,24
24/04/2018,20
25/04/2018,30
26/04/2018,21
27/04/2018,15
28/04/2018,21
29/04/2018,20
30/04/2018,17
01/05/2018,25
02/05/2018,27
03/05/2018,17
04/05/2018,11
05/05/2018,11
06/05/2018,7
07/05/2018,17
08/05/2018,13
09/05/2018,16
10/05/2018,8
11/05/2018,7
12/05/2018,12
13/05/2018,16
14/05/2018,17
15/05/2018,21
16/05/2018,29
17/05/2018,20
18/05/2018,20
19/05/2018,10
20/05/2018,13
21/05/2018,18
22/05/2018,30
23/05/2018,29
24/05/2018,13
25/05/2018,11
26/05/2018,10
27/05/2018,11
28/05/2018,17
29/05/2018,28
30/05/2018,25
31/05/2018,19
01/06/2018,11
02/06/2018,12
03/06/2018,18
04/06/2018,27
05/06/2018,14
06/06/2018,29
07/06/2018,20
08/06/2018,27
09/06/2018,12
10/06/2018,14
11/06/2018,26
12/06/2018,21
13/06/2018,128
14/06/2018,44
15/06/2018,32
16/06/2018,19
17/06/2018,20
18/06/2018,40
19/06/2018,26
20/06/2018,27
21/06/2018,31
22/06/2018,27
23/06/2018,24
24/06/2018,21
25/06/2018,21
26/06/2018,39
27/06/2018,19
28/06/2018,24
29/06/2018,24
30/06/2018,14
01/07/2018,17
02/07/2018,21
03/07/2018,29
04/07/2018,30
05/07/2018,25
06/07/2018,17
07/07/2018,24
08/07/2018,24
09/07/2018,39
10/07/2018,28
11/07/2018,30
12/07/2018,18
13/07/2018,25
14/07/2018,16
15/07/2018,31
16/07/2018,44
17/07/2018,38
18/07/2018,31
19/07/2018,26
20/07/2018,24
21/07/2018,20
22/07/2018,34
23/07/2018,36
24/07/2018,27
25/07/2018,38
26/07/2018,23
27/07/2018,27
28/07/2018,19
29/07/2018,32
30/07/2018,42
31/07/2018,46
01/08/2018,40
02/08/2018,40
03/08/2018,32
04/08/2018,29
05/08/2018,43
06/08/2018,44
07/08/2018,51
08/08/2018,44
09/08/2018,46
10/08/2018,33
11/08/2018,23
12/08/2018,27
13/08/2018,37
14/08/2018,43
15/08/2018,21
16/08/2018,39
17/08/2018,34
18/08/2018,20
19/08/2018,45
20/08/2018,36
21/08/2018,43
22/08/2018,35
23/08/2018,35
24/08/2018,34
25/08/2018,31
26/08/2018,34
27/08/2018,30
28/08/2018,42
29/08/2018,35
30/08/2018,31
31/08/2018,26
01/09/2018,34
02/09/2018,37
03/09/2018,51
04/09/2018,42
05/09/2018,50
06/09/2018,37
07/09/2018,37
08/09/2018,32
09/09/2018,31
10/09/2018,48
11/09/2018,95
12/09/2018,28
13/09/2018,39
14/09/2018,37
15/09/2018,28
16/09/2018,32
17/09/2018,55
18/09/2018,49
19/09/2018,80
20/09/2018,54
21/09/2018,30
22/09/2018,19
23/09/2018,31
24/09/2018,52
25/09/2018,41
26/09/2018,48
27/09/2018,38
28/09/2018,22
29/09/2018,22
30/09/2018,37
01/10/2018,54
02/10/2018,44
03/10/2018,52
04/10/2018,36
05/10/2018,34
06/10/2018,24
07/10/2018,36
08/10/2018,65
09/10/2018,60
10/10/2018,72
11/10/2018,69
12/10/2018,44
13/10/2018,24
14/10/2018,41
15/10/2018,39
16/10/2018,39
17/10/2018,54
18/10/2018,43
19/10/2018,43
20/10/2018,21
21/10/2018,34
22/10/2018,61
23/10/2018,50
24/10/2018,52
25/10/2018,80
26/10/2018,58
27/10/2018,43
28/10/2018,40
29/10/2018,47
30/10/2018,72
31/10/2018,56
01/11/2018,62
02/11/2018,58
03/11/2018,40
04/11/2018,87
05/11/2018,73
06/11/2018,78
07/11/2018,71
08/11/2018,77
09/11/2018,75
10/11/2018,47
11/11/2018,72
12/11/2018,76
13/11/2018,73
14/11/2018,74
15/11/2018,61
16/11/2018,48
17/11/2018,37
18/11/2018,75
19/11/2018,97
20/11/2018,101
21/11/2018,81
22/11/2018,70
23/11/2018,76
24/11/2018,44
25/11/2018,70
26/11/2018,91
27/11/2018,100
28/11/2018,119
29/11/2018,84
30/11/2018,71
01/12/2018,62
02/12/2018,72
03/12/2018,101
04/12/2018,167
05/12/2018,127
06/12/2018,105
07/12/2018,119
08/12/2018,120
09/12/2018,142
10/12/2018,135
11/12/2018,133
12/12/2018,124
13/12/2018,121
14/12/2018,145
15/12/2018,149
16/12/2018,239
17/12/2018,237
18/12/2018,198
19/12/2018,226
20/12/2018,186
21/12/2018,181
22/12/2018,218
23/12/2018,247
24/12/2018,217
25/12/2018,237
26/12/2018,312
27/12/2018,341
28/12/2018,325
29/12/2018,304
30/12/2018,315
31/12/2018,222
01/01/2019,244
02/01/2019,286
03/01/2019,305
04/01/2019,348
05/01/2019,334
06/01/2019,247
07/01/2019,269
08/01/2019,187
09/01/2019,222
10/01/2019,206
11/01/2019,184
12/01/2019,198
13/01/2019,247
14/01/2019,251
15/01/2019,188
16/01/2019,200
17/01/2019,209
18/01/2019,230
19/01/2019,207
20/01/2019,226
21/01/2019,215
22/01/2019,200
23/01/2019,221
24/01/2019,189
25/01/2019,177
26/01/2019,179
27/01/2019,194
28/01/2019,210
29/01/2019,207
30/01/2019,184
31/01/2019,176
01/02/2019,258
02/02/2019,290
03/02/2019,269
04/02/2019,242
05/02/2019,211
06/02/2019,211
07/02/2019,210
08/02/2019,194
09/02/2019,189
10/02/2019,233
11/02/2019,294
12/02/2019,257
13/02/2019,216
14/02/2019,166
15/02/2019,249
16/02/2019,218
17/02/2019,271
18/02/2019,261
19/02/2019,292
20/02/2019,282
21/02/2019,224
22/02/2019,207
23/02/2019,191
24/02/2019,287
25/02/2019,236
26/02/2019,203
27/02/2019,166
28/02/2019,176
01/03/2019,212
02/03/2019,144
03/03/2019,169
04/03/2019,181
05/03/2019,139
06/03/2019,73
